{"SpriteSmith Do-qrcode.png":["SpriteSmith Do-qrcode.png"],"assets/sprites/General_Soldier_Buffed-Sheet.png":["assets/sprites/General_Soldier_Buffed-Sheet.png"],"assets/sprites/HeavySoldier_Sword-Sheet.png":["assets/sprites/HeavySoldier_Sword-Sheet.png"],"assets/sprites/Idle_Soldier.png":["assets/sprites/Idle_Soldier.png"],"assets/sprites/Soldier Front View.png":["assets/sprites/Soldier Front View.png"],"assets/sprites/Soldier Portrait 32x32.png":["assets/sprites/Soldier Portrait 32x32.png"],"assets/sprites/Soldier_Bow.png":["assets/sprites/Soldier_Bow.png"],"assets/sprites/Soldier_Confused-Sheet.png":["assets/sprites/Soldier_Confused-Sheet.png"],"assets/sprites/Soldier_Debuff-Sheet.png":["assets/sprites/Soldier_Debuff-Sheet.png"],"assets/sprites/Soldier_Fists-Sheet.png":["assets/sprites/Soldier_Fists-Sheet.png"],"assets/sprites/Soldier_Frozen-Sheet.png":["assets/sprites/Soldier_Frozen-Sheet.png"],"assets/sprites/SpriteSmith.ico":["assets/sprites/SpriteSmith.ico"],"logo.png":["logo.png"],"packages/cupertino_icons/assets/CupertinoIcons.ttf":["packages/cupertino_icons/assets/CupertinoIcons.ttf"]}